{"cameraMode":{"drawMode":0,"name":"Shaded","section":"Shading Mode"},"sceneLighting":true,"audioPlay":false,"sceneViewState":{"showFog":true,"showMaterialUpdate":false,"showSkybox":true,"showFlares":true,"showImageEffects":true,"showParticleSystems":true,"showVisualEffectGraphs":true,"m_FxEnabled":true},"in2DMode":false,"pivot":{"x":11.112022399902344,"y":11.274234771728516,"z":-7.989518165588379},"rotation":{"x":-0.23523852229118348,"y":0.05303463712334633,"z":-0.012868906371295452,"w":-0.9704796671867371},"size":12.312003135681153,"orthographic":true}